INSERT INTO Articulo()
VALUES
('NS01120917GCS0004', 'robot'),
('NS01120917GCS0007', 'robot'),
('NS01120917GCS0008', 'robot'),
('NS01120917GCS0009', 'robot'),
('NS01120917GCS0010', 'robot'),
('NS01120917GCS0011', 'robot'),
('NS01120917GCS0013', 'robot'),
('NS01120917GCS0014', 'robot'),
('NS01120917GCS0015', 'robot'),
('NS01120917GCS0016', 'robot'),
('NS01120917GCS0017', 'robot'),
('NS01120917GCS0018', 'robot'),
('NS01120917GCS0019', 'robot'),
('NS01120917GCS0020', 'robot'),
('NS01120917GCS0021', 'robot'),
('NS01120917GCS0022', 'robot'),
('NS01120917GCS0023', 'robot'),
('NS01120917GCS0024', 'robot'),
('NS01120917GCS0025', 'robot'),
('NS01120917GCS0026', 'robot'),
('NS01120917GCS0027', 'robot'),
('NS01120917GCS0028', 'robot'),
('NS01120917GCS0029', 'robot'),
('NS01120917GCS0031', 'robot'),
('NS01120917GCS0032', 'robot'),
('NS01120917GCS0033', 'robot'),
('NS01120917GCS0034', 'robot'),
('NS01120917GCS0035', 'robot'),
('NS01120917GCS0037', 'robot'),
('NS01120917GCS0038', 'robot'),
('NS01120917GCS0039', 'robot'),
('NS01120917GCS0040', 'robot'),
('NS01120917GCS0041', 'robot'),
('NS01120917GCS0042', 'robot'),
('NS01120917GCS0043', 'robot'),
('NS01120917GCS0044', 'robot'),
('NS01120917GCS0045', 'robot'),
('NS01120917GCS0046', 'robot'),
('NS01120917GCS0047', 'robot'),
('NS01120917GCS0048', 'robot'),
('NS01120917GCS0049', 'robot'),
('NS01120917GCS0050', 'robot');

INSERT INTO Articulo()
VALUES
('C1','Adicional'),
('C2','Adicional'),
('C3','Adicional'),
('A1','Adicional'),
('A2','Adicional'),
('A3','Adicional'),
('A4','Adicional'),
('A5','Adicional');

INSERT INTO Robot ()
values
('NS01120917GCS0004', 'ROB-WMP', 'RBEX0004', 'NO', 'NO', 'NO', 'NO', 'NO'),
  ('NS01120917GCS0007', 'ROB-0HG', 'RBEX0007', 'NO', 'NO', 'NO', 'NO', 'SI'),
  ('NS01120917GCS0008', 'ROB-WHS', 'RBEX0008', 'NO', 'NO', 'NO', 'NO', 'SI'),
  ('NS01120917GCS0009', 'ROB-WH1', 'RBEX0009', 'NO', 'NO', 'NO', 'NO', 'SI'),
  ('NS01120917GCS0010', 'ROB-WLL', 'RBEX0010', 'NO', 'NO', 'NO', 'NO', 'SI'),
  ('NS01120917GCS0011', 'ROB-5D1', 'RBEX0011', 'NO', 'NO', 'NO', 'NO', 'SI'),
  ('NS01120917GCS0013', 'ROB-WGR', 'RBEX0013', 'NO', 'NO', 'NO', 'NO', 'SI'),
  ('NS01120917GCS0014', 'ROB-7RC', 'RBEX0014', 'NO', 'NO', 'NO', 'NO', 'SI'),
  ('NS01120917GCS0015', 'ROB-WMQ', 'RBEX0015', 'NO', 'NO', 'NO', 'NO', 'SI'),
  ('NS01120917GCS0016', 'ROB-VL4', 'RBEX0016', 'NO', 'NO', 'NO', 'NO', 'SI'),
  ('NS01120917GCS0017', 'ROB-6HR', 'RBEX0017', 'NO', 'NO', 'NO', 'NO', 'SI'),
  ('NS01120917GCS0018', 'ROB-231', 'RBEX0018', 'NO', 'NO', 'NO', 'NO', 'SI'),
  ('NS01120917GCS0019', 'ROB-5DF', 'RBEX0019', 'NO', 'NO', 'NO', 'NO', 'SI'),
  ('NS01120917GCS0020', 'ROB-VL7', 'RBEX0020', 'NO', 'NO', 'NO', 'NO', 'SI'),
  ('NS01120917GCS0021', 'ROB-WLR', 'RBEX0021', 'NO', 'NO', 'NO', 'NO', 'SI'),
  ('NS01120917GCS0022', 'ROB-23C', 'RBEX0022', 'NO', 'NO', 'NO', 'NO', 'SI'),
  ('NS01120917GCS0023', 'ROB-WGT', 'RBEX0023', 'NO', 'NO', 'NO', 'NO', 'SI'),
  ('NS01120917GCS0024', 'ROB-230', '', 'NO', 'NO', 'NO', 'NO', 'SI'),
  ('NS01120917GCS0025', 'ROB-235', 'RBEX0025', 'NO', 'NO', 'NO', 'NO', 'SI'),
  ('NS01120917GCS0026', 'ROB-7CZ', 'RBEX0026', 'NO', 'NO', 'NO', 'NO', 'SI'),
  ('NS01120917GCS0027', 'ROB-7RH', 'RBEX0027', 'NO', 'NO', 'NO', 'NO', 'SI'),
  ('NS01120917GCS0028', 'ROB-6HB', 'RBEX0028', 'NO', 'NO', 'NO', 'NO', 'SI'),
  ('NS01120917GCS0029', 'ROB-WM3', 'RBEX0029', 'NO', 'NO', 'NO', 'NO', 'SI'),
  ('NS01120917GCS0031', 'ROB-5RM', 'RBEX0031', 'NO', 'NO', 'NO', 'NO', 'SI'),
  ('NS01120917GCS0032', 'ROB-7FB', 'RBEX0032', 'NO', 'NO', 'NO', 'NO', 'SI'),
  ('NS01120917GCS0033', 'ROB-VKY', 'RBEX0033', 'SI', 'SI', 'SI', 'SI', 'SI'),
  ('NS01120917GCS0034', 'ROB-WGS', 'RBEX0034', 'SI', 'SI', 'SI', 'SI', 'SI'),
  ('NS01120917GCS0035', 'ROB-7GG', 'RBEX0035', 'SI', 'SI', 'SI', 'SI', 'SI'),
  ('NS01120917GCS0037', 'ROB-VQB', 'RBEX0037', 'SI', 'SI', 'SI', 'SI', 'SI'),
  ('NS01120917GCS0038', 'ROB-VMN', 'RBEX0038', 'SI', 'SI', 'SI', 'SI', 'SI'),
  ('NS01120917GCS0039', 'ROB-VGM', 'RBEX0039', 'SI', 'SI', 'SI', 'SI', 'SI'),
  ('NS01120917GCS0040', 'ROB-234', 'RBEX0040', 'SI', 'SI', 'SI', 'SI', 'SI'),
  ('NS01120917GCS0041', 'ROB-6JQ', 'RBEX0041', 'SI', 'SI', 'SI', 'SI', 'SI'),
  ('NS01120917GCS0042', 'ROB-7LJ', 'RBEX0042', 'SI', 'SI', 'SI', 'SI', 'SI'),
  ('NS01120917GCS0043', 'ROB-0J9', 'RBEX0043', 'SI', 'SI', 'SI', 'SI', 'SI'),
  ('NS01120917GCS0044', 'ROB-7G0', 'RBEX0044', 'SI', 'NO', 'NO', 'NO', 'SI'),
  ('NS01120917GCS0045', 'ROB-7G5', 'RBEX0045', 'NO', 'SI', 'NO', 'NO', 'SI'),
  ('NS01120917GCS0046', 'ROB-7MQ', 'RBEX0046', 'NO', 'NO', 'SI', 'NO', 'SI'),
  ('NS01120917GCS0047', 'ROB-7C6', 'RBEX0047', 'SI', 'SI', 'SI', 'SI', 'SI'),
  ('NS01120917GCS0048', 'ROB-7D1', 'RBEX0048', 'SI', 'SI', 'SI', 'SI', 'SI'),
  ('NS01120917GCS0049', 'ROB-7MP', 'RBEX0049', 'SI', 'SI', 'SI', 'SI', 'SI'),
  ('NS01120917GCS0050', 'ROB-7D7', 'RBEX0050', 'SI', 'SI', 'SI', 'SI', 'SI');


INSERT INTO Adicionales(ID_Adicionales, Tipo_elemento, Nombre, talla, Unidades)
values('C1','camiseta','Camisa XL','XL','4'),
('C2','camiseta','Camisa L','L','3'),
('C3','camiseta','Camisa M','M','4');

INSERT INTO Adicionales(ID_Adicionales, Tipo_Elemento, Nombre, Unidades)
values('A1','accesorio','Pusher','12'),
('A2','accesorio','cilindro azul','4'),
('A3','accesorio','Penholder','12'),
('A4','accesorio','Lego cortos','10'),
('A5','accesorio','Lego largos','6');

select * from articulo;
select * from robot;
select * from adicionales;